Status,Pinging to,Time
ok,google.com,19:19:55
ok,google.com,19:20:00
ok,google.com,19:20:05
ok,google.com,19:20:10
ok,google.com,19:20:15
ok,google.com,19:20:20
ok,google.com,19:20:25
ok,google.com,19:20:30
ok,google.com,19:20:35
ok,google.com,19:20:40
ok,google.com,19:20:45
ok,google.com,19:20:50
ok,google.com,19:20:55
ok,google.com,19:21:00
ok,google.com,19:21:05
ok,google.com,19:21:10
ok,google.com,19:21:15
ok,google.com,19:21:20
ok,google.com,19:21:25
ok,google.com,19:21:30
ok,google.com,19:21:36
ok,google.com,19:21:41
ok,google.com,19:21:46
ok,google.com,19:21:51
ok,google.com,19:21:56
ok,google.com,19:22:01
ok,google.com,19:22:06
ok,google.com,19:22:11
ok,google.com,19:22:16
ok,google.com,19:22:21
ok,google.com,19:22:26
ok,google.com,19:22:31
ok,google.com,19:22:36
ok,google.com,19:22:41
ok,google.com,19:22:46
ok,google.com,19:22:51
ok,google.com,19:22:56
ok,google.com,19:23:01
ok,google.com,19:23:06
ok,google.com,19:23:11
ok,google.com,19:23:16
ok,google.com,19:23:21
ok,google.com,19:23:26
ok,google.com,19:23:31
ok,google.com,19:23:36
ok,google.com,19:23:41
ok,google.com,19:23:46
ok,google.com,19:23:51
ok,google.com,19:23:56
ok,google.com,19:24:01
ok,google.com,19:24:06
ok,google.com,19:24:11
ok,google.com,19:24:16
ok,google.com,19:24:21
ok,google.com,19:24:26
ok,google.com,19:24:31
ok,google.com,19:24:36
ok,google.com,19:24:41
ok,google.com,19:24:46
ok,google.com,19:24:51
ok,google.com,19:24:56
ok,google.com,19:25:01
ok,google.com,19:25:06
ok,google.com,19:25:11
ok,google.com,19:25:16
ok,google.com,19:25:21
ok,google.com,19:25:26
ok,google.com,19:25:31
ok,google.com,19:25:36
ok,google.com,19:25:41
ok,google.com,19:25:46
ok,google.com,19:25:51
ok,google.com,19:25:56
ok,google.com,19:26:01
ok,google.com,19:26:06
ok,google.com,19:26:11
ok,google.com,19:26:16
ok,google.com,19:26:21
ok,google.com,19:26:26
ok,google.com,19:26:31
ok,google.com,19:26:36
ok,google.com,19:26:41
ok,google.com,19:26:46
ok,google.com,19:26:51
ok,google.com,19:26:56
ok,google.com,19:27:01
ok,google.com,19:27:06
ok,google.com,19:27:11
ok,google.com,19:27:16
ok,google.com,19:27:21
ok,google.com,19:27:26
ok,google.com,19:27:31
ok,google.com,19:27:36
ok,google.com,19:27:41
ok,google.com,19:27:46
ok,google.com,19:27:51
ok,google.com,19:27:56
ok,google.com,19:28:01
ok,google.com,19:28:06
ok,google.com,19:28:11
ok,google.com,19:28:16
ok,google.com,19:28:21
ok,google.com,19:28:26
ok,google.com,19:28:31
ok,google.com,19:28:36
ok,google.com,19:28:41
ok,google.com,19:28:46
ok,google.com,19:28:51
ok,google.com,19:28:57
ok,google.com,19:29:02
ok,google.com,19:29:07
ok,google.com,19:29:12
ok,google.com,19:29:17
ok,google.com,19:29:22
ok,google.com,19:29:27
ok,google.com,19:29:32
ok,google.com,19:29:37
ok,google.com,19:29:42
ok,google.com,19:29:47
ok,google.com,19:29:52
ok,google.com,19:29:57
ok,google.com,19:30:02
ok,google.com,19:30:07
ok,google.com,19:30:12
ok,google.com,19:30:17
ok,google.com,19:30:22
ok,google.com,19:30:27
ok,google.com,19:30:32
ok,google.com,19:30:37
ok,google.com,19:30:42
ok,google.com,19:30:47
ok,google.com,19:30:52
ok,google.com,19:30:57
ok,google.com,19:31:02
ok,google.com,19:31:07
ok,google.com,19:31:12
ok,google.com,19:31:17
ok,google.com,19:31:22
ok,google.com,19:31:27
ok,google.com,19:31:32
ok,google.com,19:31:37
ok,google.com,19:31:42
ok,google.com,19:31:47
ok,google.com,19:31:52
ok,google.com,19:31:57
ok,google.com,19:32:02
ok,google.com,19:32:07
ok,google.com,19:32:12
ok,google.com,19:32:17
ok,google.com,19:32:22
ok,google.com,19:32:27
ok,google.com,19:32:32
ok,google.com,19:32:37
ok,google.com,19:32:42
ok,google.com,19:32:47
ok,google.com,19:32:52
ok,google.com,19:32:57
ok,google.com,19:33:02
ok,google.com,19:33:07
ok,google.com,19:33:12
ok,google.com,19:33:17
ok,google.com,19:33:22
ok,google.com,19:33:27
ok,google.com,19:33:32
ok,google.com,19:33:37
ok,google.com,19:33:42
ok,google.com,19:33:47
ok,google.com,19:33:52
ok,google.com,19:33:57
ok,google.com,19:34:02
ok,google.com,19:34:07
ok,google.com,19:34:12
ok,google.com,19:34:17
ok,google.com,19:34:22
ok,google.com,19:34:27
ok,google.com,19:34:32
ok,google.com,19:34:37
ok,google.com,19:34:42
ok,google.com,19:34:47
ok,google.com,19:34:52
ok,google.com,19:34:57
ok,google.com,19:35:02
ok,google.com,19:35:07
ok,google.com,19:35:12
ok,google.com,19:35:18
ok,google.com,19:35:23
ok,google.com,19:35:28
ok,google.com,19:35:33
ok,google.com,19:35:38
ok,google.com,19:35:43
ok,google.com,19:35:48
ok,google.com,19:35:53
ok,google.com,19:35:58
ok,google.com,19:36:03
ok,google.com,19:36:08
ok,google.com,19:36:13
ok,google.com,19:36:18
ok,google.com,19:36:23
ok,google.com,19:36:28
ok,google.com,19:36:33
ok,google.com,19:36:38
ok,google.com,19:36:43
ok,google.com,19:36:48
ok,google.com,19:36:53
ok,google.com,19:36:58
ok,google.com,19:37:03
ok,google.com,19:37:08
ok,google.com,19:37:13
ok,google.com,19:37:18
ok,google.com,19:37:23
ok,google.com,19:37:28
ok,google.com,19:37:33
ok,google.com,19:37:38
ok,google.com,19:37:43
ok,google.com,19:37:48
ok,google.com,19:37:53
ok,google.com,19:37:58
ok,google.com,19:38:03
ok,google.com,19:38:08
ok,google.com,19:38:13
ok,google.com,19:38:18
ok,google.com,19:38:23
ok,google.com,19:38:28
ok,google.com,19:38:33
ok,google.com,19:38:38
ok,google.com,19:38:43
ok,google.com,19:38:48
ok,google.com,19:38:53
ok,google.com,19:38:58
ok,google.com,19:39:03
ok,google.com,19:39:08
ok,google.com,19:39:13
ok,google.com,19:39:18
ok,google.com,19:39:23
ok,google.com,19:39:28
ok,google.com,19:39:33
ok,google.com,19:39:38
ok,google.com,19:39:43
ok,google.com,19:39:48
ok,google.com,19:39:53
ok,google.com,19:39:58
ok,google.com,19:40:03
ok,google.com,19:40:08
ok,google.com,19:40:13
ok,google.com,19:40:18
ok,google.com,19:40:23
ok,google.com,19:40:28
ok,google.com,19:40:33
ok,google.com,19:40:38
ok,google.com,19:40:43
ok,google.com,19:40:48
ok,google.com,19:40:53
ok,google.com,19:40:58
ok,google.com,19:41:03
ok,google.com,19:41:08
ok,google.com,19:41:13
ok,google.com,19:41:18
ok,google.com,19:41:23
ok,google.com,19:41:28
ok,google.com,19:41:33
ok,google.com,19:41:38
ok,google.com,19:41:43
ok,google.com,19:41:48
ok,google.com,19:41:54
ok,google.com,19:41:59
ok,google.com,19:42:04
ok,google.com,19:42:09
ok,google.com,19:42:14
ok,google.com,19:42:19
ok,google.com,19:42:24
ok,google.com,19:42:29
ok,google.com,19:42:34
ok,google.com,19:42:39
ok,google.com,19:42:44
ok,google.com,19:42:49
ok,google.com,19:42:54
ok,google.com,19:42:59
ok,google.com,19:43:04
ok,google.com,19:43:09
ok,google.com,19:43:14
ok,google.com,19:43:19
ok,google.com,19:43:24
ok,google.com,19:43:29
ok,google.com,19:43:34
ok,google.com,19:43:39
ok,google.com,19:43:44
ok,google.com,19:43:49
ok,google.com,19:43:54
ok,google.com,19:43:59
ok,google.com,19:44:04
ok,google.com,19:44:09
ok,google.com,19:44:14
ok,google.com,19:44:19
ok,google.com,19:44:24
ok,google.com,19:44:29
ok,google.com,19:44:34
ok,google.com,19:44:39
ok,google.com,19:44:44
ok,google.com,19:44:49
ok,google.com,19:44:54
ok,google.com,19:44:59
ok,google.com,19:45:04
ok,google.com,19:45:09
ok,google.com,19:45:14
ok,google.com,19:45:19
ok,google.com,19:45:24
ok,google.com,19:45:29
ok,google.com,19:45:34
ok,google.com,19:45:39
ok,google.com,19:45:44
ok,google.com,19:45:49
ok,google.com,19:45:54
ok,google.com,19:45:59
ok,google.com,19:46:04
ok,google.com,19:46:09
ok,google.com,19:46:14
ok,google.com,19:46:19
ok,google.com,19:46:24
ok,google.com,19:46:29
ok,google.com,19:46:34
ok,google.com,19:46:39
ok,google.com,19:46:44
ok,google.com,19:46:49
ok,google.com,19:46:54
ok,google.com,19:46:59
ok,google.com,19:47:04
ok,google.com,19:47:09
ok,google.com,19:47:14
ok,google.com,19:47:19
ok,google.com,19:47:24
ok,google.com,19:47:29
ok,google.com,19:47:34
ok,google.com,19:47:39
ok,google.com,19:47:45
ok,google.com,19:47:50
ok,google.com,19:47:55
ok,google.com,19:48:00
ok,google.com,19:48:05
ok,google.com,19:48:10
ok,google.com,19:48:15
ok,google.com,19:48:20
ok,google.com,19:48:25
ok,google.com,19:48:30
ok,google.com,19:48:35
ok,google.com,19:48:40
ok,google.com,19:48:45
ok,google.com,19:48:50
ok,google.com,19:48:55
ok,google.com,19:49:00
ok,google.com,19:49:05
ok,google.com,19:49:10
ok,google.com,19:49:15
ok,google.com,19:49:20
ok,google.com,19:49:25
ok,google.com,19:49:30
ok,google.com,19:49:35
ok,google.com,19:49:40
ok,google.com,19:49:45
ok,google.com,19:49:50
ok,google.com,19:49:55
ok,google.com,19:50:00
ok,google.com,19:50:05
ok,google.com,19:50:10
ok,google.com,19:50:15
ok,google.com,19:50:20
ok,google.com,19:50:25
ok,google.com,19:50:30
ok,google.com,19:50:35
ok,google.com,19:50:40
ok,google.com,19:50:45
ok,google.com,19:50:50
ok,google.com,19:50:55
ok,google.com,19:51:00
ok,google.com,19:51:05
ok,google.com,19:51:10
ok,google.com,19:51:15
ok,google.com,19:51:20
ok,google.com,19:51:25
ok,google.com,19:51:30
ok,google.com,19:51:35
ok,google.com,19:51:40
ok,google.com,19:51:45
ok,google.com,19:51:50
ok,google.com,19:51:55
ok,google.com,19:52:00
ok,google.com,19:52:05
ok,google.com,19:52:10
ok,google.com,19:52:15
ok,google.com,19:52:20
ok,google.com,19:52:25
ok,google.com,19:52:30
ok,google.com,19:52:35
ok,google.com,19:52:40
ok,google.com,19:52:45
ok,google.com,19:52:50
ok,google.com,19:52:55
ok,google.com,19:53:00
ok,google.com,19:53:05
ok,google.com,19:53:10
ok,google.com,19:53:15
ok,google.com,19:53:20
ok,google.com,19:53:25
ok,google.com,19:53:30
ok,google.com,19:53:35
ok,google.com,19:53:40
ok,google.com,19:53:45
ok,google.com,19:53:50
ok,google.com,19:53:55
ok,google.com,19:54:00
ok,google.com,19:54:05
ok,google.com,19:54:10
ok,google.com,19:54:16
ok,google.com,19:54:21
ok,google.com,19:54:26
ok,google.com,19:54:31
ok,google.com,19:54:36
ok,google.com,19:54:41
ok,google.com,19:54:46
ok,google.com,19:54:51
ok,google.com,19:54:56
ok,google.com,19:55:01
ok,google.com,19:55:06
ok,google.com,19:55:11
ok,google.com,19:55:16
ok,google.com,19:55:21
ok,google.com,19:55:26
ok,google.com,19:55:31
ok,google.com,19:55:36
ok,google.com,19:55:41
ok,google.com,19:55:46
ok,google.com,19:55:51
ok,google.com,19:55:56
ok,google.com,19:56:01
ok,google.com,19:56:06
ok,google.com,19:56:11
ok,google.com,19:56:16
ok,google.com,19:56:21
ok,google.com,19:56:26
ok,google.com,19:56:31
ok,google.com,19:56:36
ok,google.com,19:56:41
ok,google.com,19:56:46
ok,google.com,19:56:51
ok,google.com,19:56:56
ok,google.com,19:57:01
ok,google.com,19:57:06
ok,google.com,19:57:11
ok,google.com,19:57:16
ok,google.com,19:57:21
ok,google.com,19:57:26
ok,google.com,19:57:31
ok,google.com,19:57:36
ok,google.com,19:57:41
ok,google.com,19:57:46
ok,google.com,19:57:51
ok,google.com,19:57:56
ok,google.com,19:58:01
ok,google.com,19:58:06
ok,google.com,19:58:11
ok,google.com,19:58:16
ok,google.com,19:58:21
ok,google.com,19:58:26
ok,google.com,19:58:31
ok,google.com,19:58:36
ok,google.com,19:58:41
ok,google.com,19:58:46
ok,google.com,19:58:51
ok,google.com,19:58:56
ok,google.com,19:59:01
ok,google.com,19:59:06
ok,google.com,19:59:11
ok,google.com,19:59:16
ok,google.com,19:59:21
ok,google.com,19:59:26
ok,google.com,19:59:31
ok,google.com,19:59:36
ok,google.com,19:59:41
ok,google.com,19:59:46
ok,google.com,19:59:51
ok,google.com,19:59:56
ok,google.com,20:00:01
ok,google.com,20:00:06
ok,google.com,20:00:11
ok,google.com,20:00:16
ok,google.com,20:00:21
ok,google.com,20:00:26
ok,google.com,20:00:31
ok,google.com,20:00:37
ok,google.com,20:00:42
ok,google.com,20:00:47
ok,google.com,20:00:52
ok,google.com,20:00:57
ok,google.com,20:01:02
ok,google.com,20:01:07
ok,google.com,20:01:12
ok,google.com,20:01:17
ok,google.com,20:01:22
ok,google.com,20:01:27
ok,google.com,20:01:32
ok,google.com,20:01:37
ok,google.com,20:01:42
ok,google.com,20:01:47
ok,google.com,20:01:52
ok,google.com,20:01:57
ok,google.com,20:02:02
ok,google.com,20:02:07
ok,google.com,20:02:12
ok,google.com,20:02:17
ok,google.com,20:02:22
ok,google.com,20:02:27
ok,google.com,20:02:32
ok,google.com,20:02:37
ok,google.com,20:02:42
ok,google.com,20:02:47
ok,google.com,20:02:52
ok,google.com,20:02:57
ok,google.com,20:03:02
ok,google.com,20:03:07
ok,google.com,20:03:12
ok,google.com,20:03:17
ok,google.com,20:03:22
ok,google.com,20:03:27
ok,google.com,20:03:32
ok,google.com,20:03:37
ok,google.com,20:03:42
ok,google.com,20:03:47
ok,google.com,20:03:52
ok,google.com,20:03:57
ok,google.com,20:04:02
ok,google.com,20:04:07
ok,google.com,20:04:12
ok,google.com,20:04:17
ok,google.com,20:04:22
ok,google.com,20:04:27
ok,google.com,20:04:32
ok,google.com,20:04:37
ok,google.com,20:04:42
ok,google.com,20:04:47
ok,google.com,20:04:52
ok,google.com,20:04:57
ok,google.com,20:05:02
ok,google.com,20:05:07
ok,google.com,20:05:12
ok,google.com,20:05:17
ok,google.com,20:05:22
ok,google.com,20:05:27
ok,google.com,20:05:32
ok,google.com,20:05:37
ok,google.com,20:05:42
ok,google.com,20:05:47
ok,google.com,20:05:52
ok,google.com,20:05:57
ok,google.com,20:06:02
ok,google.com,20:06:08
ok,google.com,20:06:13
ok,google.com,20:06:18
ok,google.com,20:06:23
ok,google.com,20:06:28
ok,google.com,20:06:33
ok,google.com,20:06:38
ok,google.com,20:06:43
ok,google.com,20:06:48
ok,google.com,20:06:53
ok,google.com,20:06:58
ok,google.com,20:07:03
ok,google.com,20:07:08
ok,google.com,20:07:13
ok,google.com,20:07:18
ok,google.com,20:07:23
ok,google.com,20:07:28
ok,google.com,20:07:33
ok,google.com,20:08:44
ok,google.com,20:08:50
ok,google.com,20:08:55
ok,google.com,20:09:00
ok,google.com,20:09:05
ok,google.com,20:09:10
ok,google.com,20:09:15
ok,google.com,20:09:20
ok,google.com,20:09:25
ok,google.com,20:09:30
ok,google.com,20:10:58
ok,google.com,20:11:03
ok,google.com,20:11:08
ok,google.com,20:11:13
ok,google.com,20:11:18
ok,google.com,20:11:23
ok,google.com,20:11:28
ok,google.com,20:11:33
ok,google.com,20:11:38
ok,google.com,20:11:43
ok,google.com,20:11:48
ok,google.com,20:11:53
ok,google.com,20:11:58
ok,google.com,20:12:03
ok,google.com,20:12:08
ok,google.com,20:12:13
ok,google.com,20:12:18
ok,google.com,20:12:23
ok,google.com,20:12:28
ok,google.com,20:12:33
ok,google.com,20:12:38
ok,google.com,20:12:43
ok,google.com,20:12:48
ok,google.com,20:12:53
ok,google.com,20:12:58
ok,google.com,20:13:03
ok,google.com,20:13:08
ok,google.com,20:13:13
ok,google.com,20:13:18
ok,google.com,20:13:23
ok,google.com,20:13:28
ok,google.com,20:13:33
ok,google.com,20:13:38
ok,google.com,20:13:43
ok,google.com,20:13:48
ok,google.com,20:13:53
ok,google.com,20:13:58
ok,google.com,20:14:03
ok,google.com,20:14:08
ok,google.com,20:14:13
ok,google.com,20:14:18
ok,google.com,20:14:23
ok,google.com,20:14:28
ok,google.com,20:14:33
ok,google.com,20:14:38
ok,google.com,20:14:43
ok,google.com,20:14:48
ok,google.com,20:14:53
ok,google.com,20:14:58
ok,google.com,20:15:03
ok,google.com,20:15:08
ok,google.com,20:15:13
ok,google.com,20:15:18
ok,google.com,20:15:23
ok,google.com,20:15:28
ok,google.com,20:15:33
ok,google.com,20:15:38
ok,google.com,20:15:43
ok,google.com,20:15:48
ok,google.com,20:15:53
ok,google.com,20:15:58
ok,google.com,20:16:03
ok,google.com,20:16:08
ok,google.com,20:16:13
ok,google.com,20:16:18
ok,google.com,20:16:23
ok,google.com,20:16:28
ok,google.com,20:16:33
ok,google.com,20:16:39
ok,google.com,20:16:44
ok,google.com,20:16:49
ok,google.com,20:16:54
ok,google.com,20:16:59
ok,google.com,20:17:04
ok,google.com,20:17:09
ok,google.com,20:17:14
ok,google.com,20:17:19
ok,google.com,20:17:24
ok,google.com,20:17:29
ok,google.com,20:17:34
ok,google.com,20:17:39
ok,google.com,20:17:44
ok,google.com,20:17:49
ok,google.com,20:17:54
ok,google.com,20:17:59
ok,google.com,20:18:04
ok,google.com,20:18:09
ok,google.com,20:18:14
ok,google.com,20:18:19
ok,google.com,20:18:24
ok,google.com,20:18:29
ok,google.com,20:18:34
ok,google.com,20:18:39
ok,google.com,20:18:44
ok,google.com,20:18:49
ok,google.com,20:18:54
ok,google.com,20:18:59
ok,google.com,20:19:04
ok,google.com,20:19:09
ok,google.com,20:19:14
ok,google.com,20:19:19
ok,google.com,20:19:24
ok,google.com,20:19:29
ok,google.com,20:19:34
ok,google.com,20:19:39
ok,google.com,20:19:44
ok,google.com,20:19:49
ok,google.com,20:19:54
ok,google.com,20:19:59
ok,google.com,20:20:04
ok,google.com,20:20:09
ok,google.com,20:20:14
ok,google.com,20:20:19
ok,google.com,20:20:24
ok,google.com,20:20:29
ok,google.com,20:20:34
ok,google.com,20:20:39
ok,google.com,20:20:44
ok,google.com,20:20:49
ok,google.com,20:20:54
ok,google.com,20:20:59
ok,google.com,20:21:04
ok,google.com,20:21:09
ok,google.com,20:21:14
ok,google.com,20:21:19
ok,google.com,20:21:24
ok,google.com,20:21:29
ok,google.com,20:21:34
ok,google.com,20:21:39
ok,google.com,20:21:44
ok,google.com,20:21:49
ok,google.com,20:21:55
ok,google.com,20:22:00
ok,google.com,20:22:05
ok,google.com,20:22:10
ok,google.com,20:22:15
ok,google.com,20:22:20
ok,google.com,20:22:25
ok,google.com,20:22:30
ok,google.com,20:22:35
ok,google.com,20:22:40
ok,google.com,20:22:45
ok,google.com,20:22:50
ok,google.com,20:22:55
ok,google.com,20:23:00
ok,google.com,20:23:05
ok,google.com,20:23:10
ok,google.com,20:23:15
ok,google.com,20:23:20
ok,google.com,20:23:25
ok,google.com,20:23:30
ok,google.com,20:23:35
ok,google.com,20:23:40
ok,google.com,20:23:45
ok,google.com,20:23:50
ok,google.com,20:23:55
ok,google.com,20:24:00
ok,google.com,20:24:05
ok,google.com,20:24:10
ok,google.com,20:24:15
ok,google.com,20:24:20
ok,google.com,20:24:25
ok,google.com,20:24:30
ok,google.com,20:24:35
ok,google.com,20:24:40
ok,google.com,20:24:45
ok,google.com,20:24:50
ok,google.com,20:24:55
ok,google.com,20:25:00
ok,google.com,20:25:05
ok,google.com,20:25:10
ok,google.com,20:25:15
ok,google.com,20:25:20
ok,google.com,20:25:25
ok,google.com,20:25:30
ok,google.com,20:25:35
ok,google.com,20:25:40
ok,google.com,20:25:45
ok,google.com,20:25:50
ok,google.com,20:25:55
ok,google.com,20:26:00
ok,google.com,20:26:05
ok,google.com,20:26:10
ok,google.com,20:26:15
ok,google.com,20:26:20
ok,google.com,20:26:25
ok,google.com,20:26:30
ok,google.com,20:26:35
ok,google.com,20:26:40
ok,google.com,20:26:45
ok,google.com,20:26:50
ok,google.com,20:26:55
ok,google.com,20:27:01
ok,google.com,20:27:06
ok,google.com,20:27:11
ok,google.com,20:27:16
ok,google.com,20:27:21
ok,google.com,20:27:26
ok,google.com,20:27:31
ok,google.com,20:27:36
ok,google.com,20:27:41
ok,google.com,20:27:46
ok,google.com,20:27:51
ok,google.com,20:27:56
ok,google.com,20:28:01
ok,google.com,20:28:06
ok,google.com,20:28:11
ok,google.com,20:28:16
ok,google.com,20:28:21
ok,google.com,20:28:26
ok,google.com,20:28:31
ok,google.com,20:28:36
ok,google.com,20:28:41
ok,google.com,20:28:46
ok,google.com,20:28:51
ok,google.com,20:28:56
ok,google.com,20:29:01
ok,google.com,20:29:06
ok,google.com,20:29:11
ok,google.com,20:29:16
ok,google.com,20:29:21
ok,google.com,20:29:26
ok,google.com,20:29:31
ok,google.com,20:29:36
ok,google.com,20:29:41
ok,google.com,20:29:46
ok,google.com,20:29:51
ok,google.com,20:29:56
ok,google.com,20:30:01
ok,google.com,20:30:06
ok,google.com,20:30:11
ok,google.com,20:30:16
ok,google.com,20:30:21
ok,google.com,20:30:26
ok,google.com,20:30:31
ok,google.com,20:30:36
ok,google.com,20:30:41
ok,google.com,20:30:46
ok,google.com,20:30:51
ok,google.com,20:30:56
ok,google.com,20:31:01
ok,google.com,20:31:06
ok,google.com,20:31:11
ok,google.com,20:31:16
ok,google.com,20:31:21
ok,google.com,20:31:26
ok,google.com,20:31:31
ok,google.com,20:31:36
ok,google.com,20:31:41
ok,google.com,20:31:46
ok,google.com,20:31:51
ok,google.com,20:31:56
ok,google.com,20:32:01
ok,google.com,20:32:06
ok,google.com,20:32:11
ok,google.com,20:32:16
ok,google.com,20:32:21
ok,google.com,20:32:26
ok,google.com,20:32:32
ok,google.com,20:32:37
ok,google.com,20:32:42
ok,google.com,20:32:47
ok,google.com,20:32:52
ok,google.com,20:32:57
ok,google.com,20:33:02
ok,google.com,20:33:07
ok,google.com,20:33:12
ok,google.com,20:33:17
ok,google.com,20:33:22
ok,google.com,20:33:27
ok,google.com,20:33:32
ok,google.com,20:33:37
ok,google.com,20:33:42
ok,google.com,20:33:47
ok,google.com,20:33:52
ok,google.com,20:33:57
ok,google.com,20:34:02
ok,google.com,20:34:07
ok,google.com,20:34:12
ok,google.com,20:34:17
ok,google.com,20:34:22
ok,google.com,20:34:27
ok,google.com,20:34:32
ok,google.com,20:34:37
ok,google.com,20:34:42
ok,google.com,20:34:47
ok,google.com,20:34:52
ok,google.com,20:34:57
ok,google.com,20:35:02
ok,google.com,20:35:07
ok,google.com,20:35:12
ok,google.com,20:35:17
ok,google.com,20:35:22
ok,google.com,20:35:27
ok,google.com,20:35:32
ok,google.com,20:35:37
ok,google.com,20:35:42
ok,google.com,20:35:47
ok,google.com,20:35:52
ok,google.com,20:35:57
ok,google.com,20:36:02
ok,google.com,20:36:07
ok,google.com,20:36:12
ok,google.com,20:36:17
ok,google.com,20:36:22
ok,google.com,20:36:27
ok,google.com,20:36:32
ok,google.com,20:36:37
ok,google.com,20:36:42
ok,google.com,20:36:47
ok,google.com,20:36:52
ok,google.com,20:36:57
ok,google.com,20:37:02
ok,google.com,20:37:07
ok,google.com,20:37:12
ok,google.com,20:37:17
ok,google.com,20:37:22
ok,google.com,20:37:27
ok,google.com,20:37:32
ok,google.com,20:37:37
ok,google.com,20:37:42
ok,google.com,20:37:47
ok,google.com,20:37:52
ok,google.com,20:37:57
ok,google.com,20:38:02
ok,google.com,20:38:07
ok,google.com,20:38:12
ok,google.com,20:38:17
ok,google.com,20:38:22
ok,google.com,20:38:28
ok,google.com,20:38:33
ok,google.com,20:38:38
ok,google.com,20:38:43
ok,google.com,20:38:48
ok,google.com,20:38:53
ok,google.com,20:38:58
ok,google.com,20:39:03
ok,google.com,20:39:08
ok,google.com,20:39:13
ok,google.com,20:39:18
ok,google.com,20:39:23
ok,google.com,20:39:28
ok,google.com,20:39:33
ok,google.com,20:39:38
ok,google.com,20:39:43
ok,google.com,20:39:48
ok,google.com,20:39:53
ok,google.com,20:39:58
ok,google.com,20:40:03
ok,google.com,20:40:08
ok,google.com,20:40:13
ok,google.com,20:40:18
ok,google.com,20:40:23
ok,google.com,20:40:28
ok,google.com,20:40:33
ok,google.com,20:40:38
ok,google.com,20:40:43
ok,google.com,20:40:48
ok,google.com,20:40:53
ok,google.com,20:40:58
ok,google.com,20:41:03
ok,google.com,20:41:08
ok,google.com,20:41:13
ok,google.com,20:41:18
ok,google.com,20:41:23
ok,google.com,20:41:28
ok,google.com,20:41:33
ok,google.com,20:41:38
ok,google.com,20:41:43
ok,google.com,20:41:48
ok,google.com,20:41:53
ok,google.com,20:41:58
ok,google.com,20:42:03
ok,google.com,20:44:33
ok,google.com,20:44:38
ok,google.com,20:44:43
ok,google.com,20:44:48
ok,google.com,20:44:53
ok,google.com,20:44:58
ok,google.com,20:45:03
ok,google.com,20:45:08
ok,google.com,20:45:13
ok,google.com,20:45:18
ok,google.com,20:45:23
ok,google.com,20:45:28
ok,google.com,20:45:33
ok,google.com,20:45:38
ok,google.com,20:45:44
ok,google.com,20:45:49
ok,google.com,20:45:54
ok,google.com,20:45:59
ok,google.com,20:46:04
ok,google.com,20:46:09
ok,google.com,20:46:14
ok,google.com,20:46:19
ok,google.com,20:46:24
ok,google.com,20:46:29
ok,google.com,20:46:34
ok,google.com,20:46:39
ok,google.com,20:46:44
ok,google.com,20:46:49
ok,google.com,20:46:54
ok,google.com,20:46:59
ok,google.com,20:47:04
ok,google.com,20:47:09
ok,google.com,20:47:14
ok,google.com,20:47:19
ok,google.com,20:47:24
ok,google.com,20:47:29
ok,google.com,20:47:34
ok,google.com,20:47:39
ok,google.com,20:47:44
ok,google.com,20:47:49
ok,google.com,20:47:54
ok,google.com,20:47:59
ok,google.com,20:48:04
ok,google.com,20:48:09
ok,google.com,20:48:14
ok,google.com,20:48:19
ok,google.com,20:48:24
ok,google.com,20:48:29
ok,google.com,20:48:34
ok,google.com,20:48:39
ok,google.com,20:48:44
ok,google.com,20:48:49
ok,google.com,20:48:54
ok,google.com,20:48:59
ok,google.com,20:49:04
ok,google.com,20:49:09
ok,google.com,20:49:14
ok,google.com,20:49:19
ok,google.com,20:49:24
ok,google.com,20:49:29
ok,google.com,20:49:34
ok,google.com,20:49:39
ok,google.com,20:49:44
ok,google.com,20:49:49
ok,google.com,20:49:54
ok,google.com,20:49:59
ok,google.com,20:50:04
ok,google.com,20:50:09
ok,google.com,20:50:14
ok,google.com,20:50:19
ok,google.com,20:50:24
ok,google.com,20:50:29
ok,google.com,20:50:34
ok,google.com,20:50:39
ok,google.com,20:50:44
ok,google.com,20:50:49
ok,google.com,20:50:54
ok,google.com,20:50:59
ok,google.com,20:51:04
ok,google.com,20:51:09
ok,google.com,20:51:14
ok,google.com,20:51:19
ok,google.com,20:51:24
ok,google.com,20:51:29
ok,google.com,20:51:34
ok,google.com,20:51:39
ok,google.com,20:51:44
ok,google.com,20:51:50
ok,google.com,20:51:55
ok,google.com,20:52:00
ok,google.com,20:52:05
ok,google.com,20:52:10
ok,google.com,20:52:15
ok,google.com,20:52:20
ok,google.com,20:52:25
ok,google.com,20:52:30
ok,google.com,20:52:35
ok,google.com,20:52:40
ok,google.com,20:52:45
ok,google.com,20:52:50
ok,google.com,20:52:55
ok,google.com,20:53:00
ok,google.com,20:53:05
ok,google.com,20:53:10
ok,google.com,20:53:15
ok,google.com,20:53:20
ok,google.com,20:53:25
ok,google.com,20:53:30
ok,google.com,20:53:35
ok,google.com,20:53:40
ok,google.com,20:53:45
ok,google.com,20:53:50
ok,google.com,20:53:55
ok,google.com,20:54:00
ok,google.com,20:54:05
ok,google.com,20:54:10
ok,google.com,20:54:15
ok,google.com,20:54:20
ok,google.com,20:54:25
ok,google.com,20:54:30
ok,google.com,20:54:35
ok,google.com,20:54:40
ok,google.com,20:54:45
ok,google.com,20:54:50
ok,google.com,20:54:55
ok,google.com,20:55:00
ok,google.com,20:55:05
ok,google.com,20:55:10
ok,google.com,20:55:15
ok,google.com,20:55:20
ok,google.com,20:55:25
ok,google.com,20:55:30
ok,google.com,20:55:35
ok,google.com,20:55:40
ok,google.com,20:55:45
ok,google.com,20:55:50
ok,google.com,20:56:08
ok,google.com,20:56:13
ok,google.com,20:56:18
ok,google.com,20:56:23
ok,google.com,20:56:28
ok,google.com,20:56:33
ok,google.com,20:56:38
ok,google.com,20:56:43
ok,google.com,20:56:48
ok,google.com,20:56:53
ok,google.com,21:01:54
ok,google.com,21:02:00
ok,google.com,21:02:05
ok,google.com,21:02:10
ok,google.com,21:02:15
ok,google.com,21:02:20
ok,google.com,21:02:25
ok,google.com,21:02:30
ok,google.com,21:02:35
ok,google.com,21:02:40
ok,google.com,21:08:40
ok,google.com,21:08:45
ok,google.com,21:08:50
ok,google.com,21:08:55
ok,google.com,21:09:00
ok,google.com,21:09:05
ok,google.com,21:09:10
ok,google.com,21:09:15
ok,google.com,21:09:20
ok,google.com,21:09:25
ok,google.com,21:26:11
ok,google.com,21:26:16
ok,google.com,21:26:21
ok,google.com,21:26:26
ok,google.com,21:26:31
ok,google.com,21:26:36
ok,google.com,21:26:41
ok,google.com,21:26:46
ok,google.com,21:26:51
ok,google.com,21:26:56
ok,google.com,21:27:01
ok,google.com,21:42:24
ok,google.com,21:42:28
ok,google.com,21:42:33
ok,google.com,21:42:39
ok,google.com,21:42:44
ok,google.com,21:42:49
ok,google.com,21:42:54
ok,google.com,21:42:59
ok,google.com,21:43:04
ok,google.com,21:43:09
ok,google.com,21:43:14
ok,google.com,21:57:12
ok,google.com,21:57:17
ok,google.com,21:57:22
ok,google.com,21:57:28
ok,google.com,21:57:33
ok,google.com,21:57:38
ok,google.com,21:57:43
ok,google.com,21:57:48
